一〇一六,1016年【歴】藤原道長が摂政に
一〇九六,1096年【歴】十字軍の遠征 
一〇八六,1086年～【歴】白河上皇の院政
一一,いちいち／いんいちが＝1
一一九,いちいちきゅう
一一九二,1192年【歴】鎌倉幕府の成立
一一五,いちいちご
一一五九,1159年【歴】平治の乱
一一五六,1156年【歴】保元の乱
一一八五,1185年【歴】壇ノ浦の戦い（平氏滅亡）／守護・地頭の設置 
一一六七,1167年【歴】平清盛が太政大臣に
一七,いちしち／いんしちが＝7
一七〇九,1709年【歴】新井白石の政治 
一七一六,1716年【歴】享保の改革（徳川吉宗） 
一七七二,1772年【歴】田沼意次の政治
一七七六,1776年【歴】アメリカ独立宣言
一七三,1.73＝√3
一七三二,1.732＝√3
一七八七,1787年【歴】寛政の改革（松平定信）
一七八九,1789年【歴】フランス革命 
一七日,いちしちにち／いっしちにち／ひとなぬか
一三,いちさん／いんさんが＝3
一三三三,1333年【歴】鎌倉幕府滅亡
一三三八,1338年【歴】室町幕府の成立
一三三四,1334年【歴】建武の新政（後醍醐天皇）
一三九二,1392年【歴】南北朝統一（足利義満） 
一三五,いちさんご【碁】
一三六八,1368年【歴】明の中国統一
一上,いち（の）かみ
一上一下,いちじょういちげ＝上がったり下がったり
一下,いっか
一中,いっちゅう【略】第一中学
一九,いちきゅう／いんくが＝9
一九〇二,1902年【歴】日英同盟
一九〇五,1905年【歴】ポーツマス条約
一九〇四,1905年【歴】日露戦争
一九一〇,1910年【歴】韓国併合
一九一一,1911年【歴】辛亥革命（中国）／関税自主権回復
一九一七,1917年【歴】ロシア革命
一九一九,1919年【歴】三・一独立運動（朝鮮）／五・四運動（中国）／ベルサイユ条約（欧州）
一九一二,1912年【歴】第一次護憲運動
一九一五,1915年【歴】21カ条の要求
一九一八,1918年【歴】シベリア出兵／米騒動
一九一四,1914年【歴】第一次世界大戦
一九七三,1973年【歴】石油危機（オイルショック）
一九七二,1972年【歴】沖縄の復帰 
一九七八,1978年【歴】日中平和友好条約
一九三一,1931年【歴】満州事変
一九三七,1937年【歴】日中戦争
一九三九,1939年【歴】第二次世界大戦
一九三二,1932年【歴】五・一五事件
一九三八,1938年【歴】国家総動員法
一九三六,1936年【歴】二・二六事件
一九九〇,1990年【歴】東西ドイツ統一
一九九一,1991年【歴】湾岸戦争／ソ連解体
一九九二,1992年【歴】PKO協力法成立
一九九五,1995年【歴】阪神淡路大震災
一九二〇,1920年【歴】国際連盟発足
一九二一,1921年【歴】ワシントン会議
一九二三,1923年【歴】関東大震災
一九二九,1929年【歴】世界恐慌
一九二五,1925年【歴】普通選挙法／治安維持法
一九五〇,1950年【歴】朝鮮戦争
一九五一,1951年【歴】サンフランシスコ平和条約／日米安全保障平和条約
一九五五,1955年【歴】アジア・アフリカ会議
一九五六,1956年【歴】日ソ共同宣言（国連加盟）
一九六〇,1960年【歴】独立ラッシュ（アフリカの春）
一九六四,1964年【歴】東京オリンピック
一九四〇,1940年【歴】日独伊三国同盟
一九四一,1941年【歴】日ソ中立条約／真珠湾攻撃（太平洋戦争）
一九四九,1949年【歴】中華人民共和国の建国
一九四五,1945年【歴】終戦（ポツダム宣言受諾）／国際連合発足
一九四六,1946年【歴】日本国憲法交付
一二,いちに／つまびら【人】／いんにが＝2
一二〇六,1206年【歴】モンゴル統一（チンギス・ハン）
一二七四,1274年【歴】文永の役（元寇）
一二三,ひふみ【人】
一二三二,1232年【歴】御成敗式目の制定
一二二一,1221年【歴】承久の乱（後鳥羽上皇）
一二八一,1281年【歴】弘安の役（元寇）
一五,いちご／いんごが＝5
一五一七,1517年【歴】宗教改革（ルター）
一五七三,1573年【歴】室町幕府滅亡
一五九〇,1590年【歴】全国統一（秀吉） 
一五八二,1582年【歴】本能寺の変（明智光秀）／検地の実施（豊臣秀吉）／天正遣欧使節出発
一五八八,1588年【歴】刀狩り
一五四三,1543年【歴】種子島に鉄砲伝来 
一五四九,1549年【歴】キリスト教伝わる
一人,ひとり
一人天下,ひとりてんか
一人子,ひとり（っ）こ
一人目,ひとりめ
一休,いっきゅう／ひとやすみ【人】
一先,ひとま（ず）
一入,ひとしお
一八,いちはち／いんはちが＝8
一八七一,1871年【歴】廃藩置県
一八七七,1877年【歴】西南戦争
一八七三,1873年【歴】徴兵令／地租改正
一八七二,1872年【歴】学制の発布
一八七五,1985年【歴】樺太・千島交換条約
一八七四,1874年【歴】民選議員設立の建白書
一八三七,1837年【歴】大塩平八郎の乱
一八九〇,1890年【歴】第一回帝国議会
一八九九,1899年【歴】義和団事件（中国）
一八九五,1895年【歴】下関条約
一八九四,1894年【歴】領事裁判権の撤廃／日清戦争
一八二五,1825年【歴】異国船打払令
一八五一,1851年【歴】太平天国の乱
一八五七,1857年【歴】インド大反乱
一八五三,1853年【歴】ペリー来航
一八五九,1859年【歴】安政の大獄
一八五八,1858年【歴】日米修好通商条約
一八五四,1854年【歴】日米和親条約 
一八八九,1889年【歴】大日本国憲法の制定
一八六〇,1860年【歴】桜田門外の変
一八六一,1861年【歴】アメリカ南北戦争
一八六七,1867年【歴】大政奉還（徳川慶喜）／王政復古の大号令／ええじゃないかの乱舞 
一八六九,1869年【歴】版籍奉還
一八六八,1868年【歴】戊辰戦争開始／五カ条の御誓文
一八六六,1866年【歴】薩長同盟成立
一八四〇,1840年【歴】アヘン戦争（中国負ける）
一八四一,1841年【歴】天保の改革（水野忠邦） 
一八四八,1848年【歴】1848年革命
一六,いちろく／いんろくが＝6
一六〇〇,1600年【歴】関ヶ原の戦い
一六〇三,1603年【歴】江戸幕府の成立 
一六一,1.61＝黄金数
一六一五,1615年【歴】武家諸法度
一六一八,1.618＝黄金数
一六三七,1637年【歴】島原・天草一揆
一六三九,1639年【歴】ポルトガル船の来航禁止
一六三五,1635年【歴】参勤交代の制
一六八九,1689年【歴】権利の章典（英） 
一六八八,1688年【歴】名誉革命（英） 
一六四〇,1640年～60年【歴】ピューリタン革命（英） 
一六四一,1641年【歴】オランダ商館を出島に
一六四九,1649年【歴】慶安の御触書
一円,いちえん
一円玉,いちえんだま
一力,いちりき
一十林,いちじゅうばやし【人】
一千,いっせん
一千円,いっせんえん
一口,ひとくち／いっく／いっこう／いもあらい【人】
一口目,ひとくちめ
一名,いちめい
一四,いちよん／いんしが＝4
一四〇四,1404年～【歴】勘合貿易
一四一,1.41＝√2
一四一二,1.412＝√2
一四九二,1492年【歴】アメリカ大陸発見（コロンブス）
一四二七,1427年【歴】正長の土一揆
一四六七,1467年～【歴】応仁の乱
一夕,いっせき
一大,いちだい
一天,いってん
一天下,いってんか
一女,いちじょ
一子,いっし／ひと（つ）ご
一字,いちじ
一字一石,いちじいっせき
一字千金,いちじせんきん＝すぐれている文
一山,ひとやま
一山百文,ひとやまひゃくもん
一年,いちねん
一年中,いちねんじゅう
一年生,いちねんせい
一年目,いちねんめ
一年草,いちねんそう
一手,いって／ひとて
一手目,いってめ
一文,いちぶん／いちもん
一文一字,いちもんいちじ
一文字,ひともじ／いちもんじ【人】
一文字目,ひともじめ
一文目,いちぶんめ
一日,ついたち／いちにち
一日中,いちにちじゅう
一日目,いちにちめ
一月,いちがつ／ひとつき
一月目,ひとつきめ
一木,いちぼく
一木一草,いちぼくいっそう＝すべてのもの
一本,いっぽん／ひともと／ひのもと【人】
一本木,いっぽんぎ【地】
一本木下,いっぽんぎした【地】
一本木山,いっぽんぎやま【山】
一本気,いっぽんぎ
一本目,いっぽんめ
一本立,いっぽんだ（ち）
一本花,いっぽんばな
一村,いっそん
一林,いちばやし【人】
一校,いっこう＝一つの学校
一森,いちもり【人】
一気,いっき
一水,いっすい
一水四見,いっすいしけん＝それぞれの見方
一火,ひとつび
一犬,いっけん
一生,いっしょう
一男,いちなん
一町,いっちょう＝1200/11㎡
一白,いっぱく
一目,いちもく／ひとめ
一目千本,ひとめせんぼん
一石,いっせき
一糸,いっし
一花,いっか／ひとはな
一花草,いちげそう
一草,いっそう
一草一木,いっそういちぼく
一見,いちげん／いっけん
一足,いっそく／ひとあし
一足目,いっそくめ
一金,いちきん
一金二男,いちきんになん
一雨,ひとあめ
一青,ひとと【人】
一音,いちおん
七〇一,701年【歴】大宝律令の制定
七一,しちいちが＝7
七一〇,710年【歴】平城京に都に
七一二,712年【歴】古事記の編纂
七七,しちしち＝49
七七日,しちしちにち／なななぬか／なななのか
七三,しちさん＝21
七下,なな（つ）さが（り）
七下雨,なな（つ）さが（りの）あめ
七九,しちく＝63
七九四,794年【歴】平安京へ都に
七二,しちに＝14
七二〇,720年【歴】日本書紀の編纂
七五,しちご＝35
七五三,しちごさん／しめ【人】
七五三木,しめぎ【人】
七五三本,しめもと【人】
七人,しちにん／ななにん
七人目,しちにんめ／ななにんめ
七八,しちは＝56
七六,しちろく＝42
七円,ななえん
七出,しちしゅつ
七十,しちじゅう70／ななそ
七十二,しちじゅうに72
七十五,しちじゅうご75
七十五日,しちじゅうごにち
七十子,しちじっし
七十年,ななじゅうねん
七十年目,ななじゅうねんめ
七千,ななせん7000
七口,ななくち／なな（つ）ぐち
七口目,ななくちめ
七名,ななめい
七四,しちし＝24
七四三,743年【歴】墾田永年私財法
七夕,たなばた／しちせき
七夕月,たなばたづき
七大,しちだい
七子,しちし
七字,しち（の）じ
七学,しちがく
七小町,ななこまち
七山,ななやま【地】
七山村,ななやまむら【地】
七川,しちかわ【地】
七年,ななねん／しちねん
七年目,ななねんめ／しちねんめ
七手,ななて
七手目,ななてめ
七日,なのか
七日七日,なぬかなぬか
七日日,なぬかび
七日正月,なぬかしょうがつ
七日目,なのかめ
七月,しちがつ
七月子,ななつきご
七木田,ななきだ【人】
七本,ななほん
七本木,ななほんぎ【地】
七本目,ななほんめ
七村,ななむら【地】
七林,ななばやし【人】
七森,しちもり【地】
七生,しちしょう
七町,ななまち【人】
七町目,ななちょうめ【地】
七百,ななひゃく
七百一,701年【歴】大宝律令の制定
七百二十,720年【歴】日本書紀の編纂
七百十,710年【歴】平城京に都に
七立,なな（つ）だ（ち）
七草,ななくさ【植】
七赤,しちせき
七車,ななくるま＝数多くの車
七金山,しちこんせん
七音,しちおん／しちいん
三一,さんぴん／さんいちが＝3
三一一,さんいちいち【歴】2011年東日本大震災
三一五,さんいちご【歴】1928年三・一五事件
三一四,3.14＝円周率
三一四一,3.141＝円周率
三一四一五,3.1415＝円周率
三七,さんしち＝21
三七七六,3776m＝富士山の標高
三七日,さんしちにち／みなぬか
三三,さざんが＝9
三三七,さんさんなな
三三三,333m＝東京タワーの高さ
三三五五,さんさんごご＝散らばる
三上,みかみ
三下,さんした／さんさが（り）
三中,さんちゅう【略】第三中学
三九,さんく【人】／さんく＝27
三九二,みくに【人】
三九日,さんくにち／みくにち
三二,さんに【人】／さんにが＝6
三五,さんご【人】／さご【人】／さんご＝15
三五月,さんご（の）つき
三人,さんにん
三人目,さんにんめ
三八,さんぱち／さんぱ＝24
三六,さぶろく＝18
三円,さんえん
三十,さんじゅう30
三十一,さんじゅういち31
三十一文字,さんじゅういちもじ／みそひともじ
三十七,さんじゅうなな37
三十三,さんじゅうさん33
三十三天,さんじゅうさんてん
三十五,さんじゅうご35
三十六,さんじゅうろく36
三十年,さんじゅうねん
三十年目,さんじゅうねん
三十日,みそか／みとうか【人】／みとうだ【人】
三十日月出,みそか（に）つき（が）で（る）
三十日目,さんじゅうにちめ
三十立,さんじゅう（にして）た（つ）
三千,さんぜん
三口,みくち【人】
三口目,さんくちめ／みくちめ
三名,さんめい
三四,さんし＝12
三四五,さんしご
三夕,さんせき
三大,さんだい
三天,さんてん
三女,さんじょ
三女子,さんよし【地】
三子,さんし
三学,さんがく
三山,さんざん／みっ（つの）やま
三川,みかわ【地】
三川犬林,みかわいぬばやし【地】
三川町,みかわまち【地】
三年,さんねん
三年生,さんねんせい
三年目,さんねん
三年竹,さんねんだけ【植】
三手,さんて／みつで
三手先,みてさき
三手目,さんてめ
三文,さんもん
三文字,さんもんじ【人】
三文字目,さんもんじめ
三日,みっか
三日天下,みっかてんか＝権力をすぐ失う
三日月,みかづき
三日月目,みかづきめ
三日目,みっかめ
三月,さんがつ
三木,さんぼく／みき【地】
三木一草,さんぼくいっそう
三木町,みきちょう【地】
三本,さんぼん
三本木,さんぼんぎ【地】
三本目,さんぼんめ
三村,みむら【地】
三林,みつばやし【人】
三校,さんこう＝三度目の校正
三森,みつもり【人】／みもり【人】／みつのもり【地】
三正,さんせい
三水,さんずい
三王,さんおう／さんのう
三生,さんしょう
三田,みた【地】
三田村,みたむら【人】
三男,さんなん
三町,みまち【地】／さんちょう【地】／さんまち【地】
三白,さんぱく
三百,さんびゃく300
三百六十,さんびゃくろくじゅう360
三百六十五,さんびゃくろくじゅうご365
三百六十五日,さんびゃくろくじゅうごにち
三目,み（つ）め
三立,みつたて
三糸,さん（の）いと
三草,さんそう
三草二木,さんそうにもく＝悟りを得る
三車,みっ（つの）くるま／さんしゃ
三音,さんおん
上一,かみいち【略】上一段活用
上一本木,かみいっぽんぎ【地】
上三川,かみのかわ【地】
上三川町,かみのかわまち【地】
上三花,じょうさんか
上下,じょうげ
上下左右,じょうげさゆう
上下水,じょうげすい
上中下,じょうちゅうげ
上二,かみに【略】上二段活用
上二本木,かみにほんぎ【地】
上人,しょうにん
上土,うわつち
上土,うわつち
上大名,のぼ（り）だいみょう
上天,じょうてん
上天気,じょうてんき
上女,かみおんな
上女中,かみじょちゅう
上山,かみのやま【地】
上川,かみかわ【人／地】
上川町,かみかわちょう【地】
上手,かみて／じょうず
上月,こうづき【人／地】
上木,じょうぼく
上本村,かみほんむら【地】
上村,うえむら【人／地】／かみむら【人／地】
上林,じょうりん／かみばやし【人】
上森,うえもり【人】
上気,じょうき
上水,じょうすい
上水下水,じょうすいげすい
上水本町,じょうすいほんちょう【地】
上火,うわび
上犬田,かみいんだ【地】
上田,うえだ【人／地】
上田休,うえだやすみ【人】
上町,かみちょう【地】
上白,うえしろ／じょうはく
上白金,かみしろかね【地】
上目,うわめ
上石,あげいし
上空,じょうくう
上竹,うえたけ【人】／じょうたけ【地】
上糸,うわいと
上花,じょうか／あがりばな
上見,うえみ（て）／うわみ【地】
上足,あげあし／じょうそく
上青女子,かみあおなご【地】
下一,しもいち【略】下一段活用
下中,したなか【人】／しもなか【人】
下二,しもに【略】下二段活用
下口,しもぐち／したくち
下土,かど
下女,げじょ／しもおなご
下女中,しもじょちゅう
下女田,げじょだ【地】
下学,かがく
下小山田町,しもおやまだまち【地】
下山,げざん
下川,しもかわ【人／地】
下川犬,しもかわいぬ【地】
下川町,しもかわちょう【地】
下手,したて／しもて／へた
下手手出,へた（に）て（を）だ（す）
下本村,しもほんむら【地】
下村,しもむら【人／地】
下林,したばやし【人／地】／しもばやし【人／地】
下校,げこう
下森,したもり【人】
下水,げすい
下火,したび
下田,しもだ【地】
下町,したまち
下白金,しもしろかね【地】
下糸,したいと
下花,さがりばな【植】
下草,したくさ【植】
下見,したみ
下足,げそく
下車,げしゃ
中一,ちゅういち【略】中学一年生
中三,ちゅうさん【略】中学三年生
中上,なかがみ【人】
中下,なかした【人】
中二,ちゅうに【略】中学二年生
中休,なかやす（み）
中入,なかいり
中入生,ちゅうにゅうせい＝中高一貫で中学からの生徒
中六天,ちゅうろくてん
中右,なかう【人】
中四目,なかしもく【碁】
中土,なかつち
中大,ちゅうだい【略】中央大学
中天,ちゅうてん
中女,ちゅうおんな
中学,ちゅうがく
中学一年,ちゅうがくいちねん
中学一年生,ちゅうがくいちねんせい
中学三年,ちゅうがくさんねん
中学三年生,ちゅうがくさんねんせい
中学二年,ちゅうがくにねん
中学二年生,ちゅうがくにねんせい
中学校,ちゅうがっこう
中学生,ちゅうがくせい
中小,ちゅうしょう
中山,なかやま【人／地】
中山町,なかやままち【地】
中川,なかがわ【人／地】
中川村,なかがわむら【地】
中川町,なかがわちょう【地】
中左,なかさ【人】
中年,ちゅうねん
中手,なかで【碁】
中文,ちゅうぶん
中日,ちゅうにち
中日本,なかにほん
中村,なかむら【人／地】
中村森,なかむらもり【地】
中林,なかばやし【人】
中森,なかもり【地】
中火,ちゅうび
中田,なかた
中町,なかまち／なかちょう【地】
中白,ちゅうじろ／ちゅはく／なかじろ
中石,なかいし【人／地】
中空,ちゅうくう
中立,ちゅうりつ
中糸,なかいと
中耳,ちゅうじ
中見,なかみ【人】
中見出,なかみだ（し）
中貝,なかがい【人】
中音,ちゅうおん＝中くらいの音
九一,くいちが＝9
九一一,きゅういちいち【歴】2001年アメリカ同時多発テロ
九一金,くいちきん
九七,くしち＝63
九三,くさん＝27
九三五,935年【歴】平将門の乱
九九,くく＝81
九二,くに＝18
九二一,くにいち
九五,きゅうご／くご＝45
九人,きゅうにん
九人,くにん
九人目,きょうにんめ
九八,くは＝72
九六,くんろく／くろく＝54
九六〇,960年【歴】宋の中国統一
九六四,くろよん
九円,ちゅうえん
九十,きゅうじゅう
九十九,くじゅうく／つくも【人】
九十五,きゅうじゅうご
九十川,くじゅうがわ
九十年,きゅうじゅうねん
九十年目,きゅうじゅうねんめ
九十田,つくだ【人】
九千,きゅうせん
九名,きゅうめい
九四,くし＝36
九大,きゅうだい【略】九州大学
九天,きゅうてん／くてん
九子,きゅうし【碁】
九字,くじ
九年,きゅうねん／くねん
九年目,きゅうねんめ／くねんめ
九手,きゅうて
九手目,きゅうてめ
九日,ここのか
九日目,ここのかめ
九月,くがつ
九月五日,くがついつか
九本,きゅうほん
九本目,きゅうほんめ
九村,くむら【人】
九生,きゅうしょう
九町,くちょう【地】
九百,きゅうひゃく／くひゃく
九百六十,960年【歴】宋の中国統一
九目,くめ【人】
二一,にいちが＝2
二七,にしち＝14
二七一,2.71＝ネイピア数
二七一八,2.718＝ネイピア数
二三,にさんが＝6
二中,にちゅう【略】第二中学
二九,ふたく【人】／にく＝18
二二,ににんが＝4
二二三,2.23＝√5
二二三六,2.236＝√5
二二五,ににご
二二六,ににろく【歴】1936年二・二六事件
二五,にご【人】／にご＝10
二人,ふたり
二人目,ふたりめ
二八,にっぱち／にはち＝16
二六,にろく＝12
二円,にえん
二十,にじゅう20
二十一,にじゅういち21／にそいち【人】
二十二,にじゅうに／にそじ【人】／じそじ【人】
二十五,にじゅうご25
二十五日,にじゅうごにち
二十六,にじゅうろく26
二十四,にじゅうよん24
二十年,にじゅうねん
二十年目,にじゅうねんめ
二十日,はつか
二十日正月,はつかしょうがつ
二十日草,はつかぐさ【植】
二千,にせん2000
二千三,2003年【歴】イラク戦争
二千六百年,ふじむね【人】
二千円,にせんえん
二口,ふたくち【人】
二口目,ふたくちめ
二口虫,にこうちゅう
二名,にめい／ふた（つ）な
二四,にしが＝8
二天,にてん【仏】
二女,じじょ
二女子,ににょし【地】
二女子町,ににょしちょう【地】
二子,ふた（つ）ご
二子森,ふたごもり【地】
二字,にじ
二川,ふたがわ【地】
二年,にねん
二年生,にねんせい
二年目,にねんめ
二手,にて／ふたて
二文字,にもじ／ふたもじ／にもんじ【人】
二日,ふつか
二日月,ふつかづき
二日目,ふつかめ
二月,にがつ／ふたつき
二月目,ふたつきめ
二木,にもく
二本,にほん
二本木,にほんき【地】／にほんぎ【地】
二本目,にほんめ
二本足,にほんあし
二村,ふたむら【人／地】／にむら【人】
二村山,ふたむらやま
二林,ふたばやし【人】
二校,にこう＝二度目の校正
二気,にき
二水,にすい
二王,におう
二生,にしょう
二男,じなん
二町,にちょう【人】／ふたまち【人】
二百,にひゃく
二百十日,にひゃくとおか
二目,ふため／にもく【碁】
二目見,ふため（と）み（られない）
二立三本,ふたたてさんぼん
二立目,ふたため
二糸,に（の）いと
二見,ふたみ【地】
二足,にそく／に（の）あし
二足目,にそくめ
五一,ぐいち／ごいちが＝5
五一三六,ぐいちさぶろく
五一五,ごいちご【歴】1932年五・一五事件
五七,ごしち＝35
五七日,ごしちにち
五三,ごさん＝15
五三八,538年【歴】仏教が日本に伝わる
五三十,ごさんじゅう
五三文学,ごさんぶんがく
五三日,ごさんにち
五九,ごっく＝45
五九三,593年【歴】聖徳太子が摂政に
五二,ぐに／ごに＝10
五五,ごご＝25
五五三,ごごさん
五五八八,ごごはちはち
五五百年,ごごひゃくねん
五人,ごにん
五人女,ごにんおんな
五人目,ごにんめ
五入,ごにゅう
五八,ごは＝40
五六,ふのぼり【人】／ごろく＝30
五円,ごえん
五円玉,ごえんだま
五力,ごりき
五十,ごじゅう50／いそ
五十三,ごじゅうさん53
五十五,ごじゅうご55
五十五年,ごじゅうごねん
五十円,ごじゅうえん
五十円玉,ごじゅうえんだま
五十右,いみぎ【人】
五十子,いらこ【人】
五十山田,いかいだ【人】／いがいだ【人】
五十川,いそがわ【人】／いそかわ【人】
五十年,ごじゅうねん
五十年目,ごじゅうねんめ
五十日,いか／ごとおび
五十木,いかるぎ【人】／ごじゅうき【人】
五十音,ごじゅうおん
五千,ごせん5000
五千円,ごせんえん
五千文,ごせんぶん
五名,ごめい
五四,ぐし／ごし＝20
五大,ごだい
五大力,ごだいりき
五天,ごてん
五女子,ごにょし【地】
五女子町,ごにょしちょう【地】
五女木,ごめき【地】
五子,ごし【碁】
五山,ごさん
五山文学,ごさんぶんがく
五年,ごねん
五年生,ごねんせい
五年目,ごねん
五手,ごて
五手目,ごてめ
五文字,ごもじ／いつもじ
五文字目,ごもじめ
五日,いつか
五日目,いつか
五月,ごがつ／さつき
五月七日,つゆり【人】
五月女,さおとめ【人】
五月山,さつきやま
五月日,ごがつひ【人】
五月雨,さみだれ／さつきあめ
五木,ごもく／ごぼく／いつき【地】
五木村,いつきむら【地】
五木田,ごきた【人】
五本,ごほん
五本木,ごほんぎ【地】
五本目,ごほんめ
五村,ごむら【地】
五林,ごりん【人】
五気,ごき
五生,ごしょう
五町,ごちょう【人】／ごまち【人】
五百,ごひゃく
五百八十,ごひゃくはちじゅう
五百八十年,ごひゃくはちじゅうねん
五百円,ごひゃくえん
五百円玉,ごひゃくえんだま
五百山,ごひゃくやま
五百年,ごひゃくねん
五百年目,ごひゃくねんめ
五百木,いおき【人】
五百森,いおもり【人】／いよもり【人】
五百生,ごひゃくしょう
五目,ごもく【碁】
五目中手,ごもくなかで【碁】
五虫,ごちゅう
五見,ごけん
五足,ごそく
五足目,ごそくめ
五車,ごしゃ
五金,ごきん
五音,ごいん
人中,じんちゅう／にんじゅう／にんちゅう／ひとなか
人中白,じんちゅうはく／にんちゅうはく
人人,ひとびと
人先,ひとさき＝人より先に立つ
人入,ひとい（れ）
人出,ひとで
人力,じんりょく／じんりき
人力車,じんりきしゃ
人口,じんこう
人名,じんめい
人天,にんでん
人子,じんし＝人の子
人字草,じんじそう【植】
人手,ひとで
人文,じんぶん
人本,じんぽん＝人本主義
人気,にんき
人生,じんせい
人目,ひとめ
人立,ひとだ（ち）
人耳,じんじ＝人の耳
人花赤,ひと（の）はな（は）あか（い）
人草,ひとくさ
人見,ひとみ
人足,にんそく／ひとあし
人音,ひとおと
休人,やす（む）ひと
休休,やす（み）やす（み）
休子,やす（む）こ
休字,やす（め）じ
休学,きゅうがく
休日,きゅうじつ
休校,きゅうこう
休火山,きゅうかざん
先下,さきさが（り）
先人,せんじん
先先,さきざき
先先月,せんせんげつ
先入,せんにゅう／さきいれ
先入先出,さきいれさきだし
先出,さきだし
先口,せんくち
先天,せんてん
先学,せんがく
先川,さきかわ【人／地】／さきがわ【人／地】／せんかわ【人／地】
先年,せんねん
先年木,せんねんぼく【植】
先手,せんて／さきて
先日,せんじつ
先月,せんげつ
先村,さきむら【人／地】
先火,さきび
先王,せんおう／せんのう
先生,せんせい
先目,さきめ【地】
先目川,さきめがわ【川】
先立,さきだ（つ）
先見,せんけん
入出,にゅうしゅつ
入出力,にゅうしゅつりょく
入力,にゅうりょく
入口,いりぐち
入学,にゅうがく
入学金,にゅうがくきん
入山,にゅうざん／いりやま【人】
入手,にゅうしゅ
入日,いりひ
入校,にゅうこう
入水,じゅすい
入王,いりおう
入田,にゅうた【地】
入田町,にゅうたまち【地】
入目,いりめ
入石,いりいし【人】
入立,いりたち／いりたて／いりた（つ）
入花,にゅうか
入金,にゅうきん
八一,はちいちが＝8
八七,はちしち＝56
八三,はっさん＝24
八下,や（つ）さ（がり）
八九,やく【人】／はっく＝72
八九四,894年【歴】遣唐使の廃止
八二,はちに＝16
八五,はちご＝40
八人,はちにん
八人目,はちにんめ
八八,はっぱ＝64
八六,はちろく＝48
八円,はちえん
八十,はちじゅう／やそ【人】
八十八,はちじゅうはち
八十字,はちじゅうじ
八十年,はちじゅうねん
八十年目,はちじゅうねんめ
八十文字,はちじゅうもじ
八千,はっせん8000／やち
八千草,やちぐさ
八口,や（つ）くち
八名,はちめい
八四,はちし＝32
八女,やめ【地】
八子,はね
八字,はちじ／はち（の）じ
八川,やかわ【地】／はちがわ【地】
八川小,やかわしょう【略】八川小学校
八川小学校,やかわしょうがっこう
八年,はちねん
八年目,はちねんめ
八手,はちて／はって／やつで【植】
八手目,はちてめ
八文字,はちもんじ【地】／やつもんじ【人】
八文字町,はちもんじちょう【地】
八文字目,はちもじめ
八日,ようか
八日町,ようかまち【地】
八日目,ようかめ
八月,はちがつ
八月一日,ほずみ【人】
八月八日,わたぬき【人】
八月十五日,なかあき【人】／あきなか【人】
八木,やぎ【人／地】
八木町,やぎちょう【地】
八本,はっぽん／はちほん
八本木,はっぽんぎ【地】
八本目,はっぽんめ／はちほんめ
八林,やつばやし【人】
八森,はちもり【地】
八王子,はちおうじ【地】
八町,はっちょう【人】／やまち【人】
八白,はっぱく
八百,はっぴゃく800／やお【人】
八百八町,はっぴゃくやちょう
八百日,やおか
八目,や（つ）め
八石,はちこく【人】／やついし【人】
八足,や（つ）あし
八足目,はっそくめ
八音,はちいん／はちおん／はっちん／はっとん
六〇七,607年【歴】小野妹子ら遣隋使派遣 
六〇四,604年【歴】十七条の憲法制定
六一,ろくいちが＝6
六七,ろくしち＝42
六七二,672年【歴】壬申の乱（天武天皇） 
六三,ろくさん＝18
六三四,634m＝東京スカイツリーの高さ
六下,ろくさが（り）
六九,ろっく＝54
六二,ろくに＝12
六五,ろくご＝30
六人,ろくにん
六人目,ろくにんめ
六八,ろくは＝48
六六,ろくろく＝36
六六三,663年【歴】白村江の戦い
六円,ろくえん
六十,ろくじゅう60
六十五,ろくじゅうご65
六十年,ろくじゅうねん
六十年目,ろくじゅうねんめ
六千,ろくせん6000
六千日,ろくせんにち
六名,ろくめい
六四,ろくし＝24
六四五,645年【歴】大化の改新
六子,ろくじ
六字,ろくじ
六川,ろくかわ【人】／ろくがわ【人】
六年,ろくねん
六年生,ろくねんせい
六年目,ろくねんめ
六手,ろくて
六手目,ろくてめ
六日,むいか
六日目,むいかめ
六月,ろくがつ
六月一日,うりはり【人】
六木,むつぎ【地】
六本,ろっぽん
六本木,ろっぽんぎ【地】
六本目,ろっぽんめ
六林,ろくばやし【人】
六気,りくき／りっき／ろっき
六玉川,むたまがわ
六田,ろくた【地】／むだ【地】
六町,ろくちょう【地】
六白,ろっぱく
六百,ろっぴゃく／むお【人】
六百七,607年【歴】小野妹子ら遣隋使派遣 
六百四,604年【歴】十七条の憲法制定
六花,りくか／りっか／ろっか
六車,むぐるま【人】
円子,まるこ【地】
円山,まるやま【地】
円山川,まるやまがわ
円山町,まるやまちょう【地】
円川,えんかわ【人】
円月,えんげつ
円木,えんぼく／えんき【人】／まるき【人】
円本,えんぽん
円田,えんだ【人】／えんでん＝円形の田
円石,えんせき
円空,えんくう
出下,いでした【人】
出先,でさき
出入,しゅつにゅう／でい（り）
出入口,でいりぐち
出入子,でい（り）こ
出力,しゅつりょく
出口,でぐち
出土,しゅつど
出女,でおんな
出子,だ（し）こ
出山,しゅつやま
出村,でむら【地】
出校,しゅっこう
出水,でみず／しゅっすい／いずみ【地】
出火,しゅっか
出玉,でだま
出生,しゅっしょう／しゅっせい
出目,でめ
出目金,でめきん
出石,いずし
出石,いずし【地】
出石町,いずしちょう【地】
出石町上村,いずしちょうかみむら【地】
出石町中村,いずしちょうなかむら【地】
出立,しゅったつ
出糸,しゅっし
出花,でばな
出見,でみ
出足,であし
出車,いだしぐるま
出金,しゅっきん
力学,りきがく
力木,ちからぎ
力水,ちからみず
力玉,ちからだま＝釣りの餌
力田,りきた【人／地】／りきでん
力石,ちからいし／りきいし
力竹,ちからだけ
力草,ちからぐさ【植】
力足,ちからあし
力車,りきしゃ
十一,じゅういち11／といち【人】
十一人,じゅういちにん
十一人目,じゅういちにんめ
十一月,じゅういちがつ
十一月二十九日,つめづめ【人】
十七,じゅうしち17／じゅうなな17
十七文字,じゅうしちもじ
十三,じゅうさん／とみ【人】
十三月,じゅうさんがつ
十中八九,じゅっちゅうはっく＝ほとんど
十九,じゅうく19
十九川,とくがわ【人】
十九文,じゅうくもん
十九百,つづお【人】
十二,じゅうに12／じゅうに【人】
十二人,じゅうににん
十二人目,じゅうににんめ
十二天,じゅうにてん【仏】
十二月,じゅうにがつ
十二月一日,しわすだ【人】
十二月三十一日,としおわり【人】
十五,じゅうご15
十五三,とおごうさん
十人,じゅうにん
十人目,じゅうにんめ
十八,じゅうはち18
十八女町,さかりちょう【地】
十六,じゅうろく16
十円,じゅうえん
十円玉,じゅうえんだま
十名,じゅうめい
十四,じゅうよん14
十四日,じゅうよっか
十字,じゅうじ
十字火,じゅうじか
十字石,じゅうじせき
十字花,じゅうじか
十川,そがわ【人／地】／そごう【人】
十年,じゅうねん【植】
十年一日,じゅうねんいちじつ＝全く変わらない
十年目,じゅうねんめ
十手,じゅって／じって
十文,じゅうもん
十文字,じゅうもんじ／ともじ
十文字目,じゅうもじめ
十日,とおか
十日一水,じゅうじついっすい＝注意を払って作る
十日町,とおかまち【地】
十日目,とおかめ
十月,じゅうがつ
十月二十五日,じゅうがつにじゅうごにち
十本,じゅっぽん
十本目,じゅっぽんめ
十本足,じゅっぽんあし
十村,とむら
十林,とばやし【人】
十王,じゅうおう
十町,じゅっちょう【地】／じっちょう【地】
十目,じゅうもく
十足,じゅっそく
十足目,じゅっそくめ
千七百九,1709年【歴】新井白石の政治 
千三,せんみ（つ）
千九十六,1096年【歴】十字軍の遠征 
千九百九十,1990年【歴】東西ドイツ統一
千九百二,1902年【歴】日英同盟
千九百二十,1920年【歴】国際連盟発足
千九百五,1905年【歴】ポーツマス条約
千九百五十,1950年【歴】朝鮮戦争
千九百六十,1960年【歴】独立ラッシュ（アフリカの春）
千九百十,1910年【歴】韓国併合
千九百四,1905年【歴】日露戦争
千九百四十,1940年【歴】日独伊三国同盟
千二百六,1206年【歴】モンゴル統一（チンギス・ハン）
千五百,せんごひゃく1500／ちいお／ちいほ
千五百九十,1590年【歴】全国統一（秀吉）
千人,せんにん
千人力,せんにんりき
千人町,せんにんちょう【地】
千人目,せんにんめ
千入,ちしお
千八十六,1086年～【歴】白河上皇の院政
千八百九十,1890年【歴】第一回帝国議会
千八百六十,1860年【歴】桜田門外の変
千八百四十,1840年【歴】アヘン戦争（中国負ける）
千六本,せろっぽう
千六百,1600年【歴】関ヶ原の戦い
千六百三,1603年【歴】江戸幕府の成立 
千六百四十,1640年～60年【歴】ピューリタン革命（英） 
千円,せんえん
千十六,1016年【歴】藤原道長が摂政に
千千,ちぢ＝たくさん
千名,せんめい
千四百四,1404年～【歴】勘合貿易
千字,せんじ
千山,せんざん
千川,せんかわ【地】
千年,せんねん
千年目,せんねんめ
千手,せんじゅ
千文,せんぶん
千文字,せんもじ
千文字目,せんもじめ
千日,せんにち
千日手,せんにちて
千日目,せんにちめ
千日草,せんにちそう
千早,ちはや（ぶ）
千早人,ちはやひと
千木,ちぎ
千本,せんぼん／ちもと
千本木,ぜんぼんぎ【地】
千本目,せんぼんめ
千村,ちむら【地】
千田,ちだ【人】／せんだ【人】
千町,せんちょう【地】／せんじょう【地】
千町川,せんちょうがわ【川】
千百,せんひゃく
千石,せんごく【地】
千草,ちぐさ
千見,せんみ【地】
千足,ちあし【人】
千金,せんきん
口上,こうじょう
口上人,こうじょうにん
口上手,くちじょうず
口上林,くちかんばやし【地】
口下手,くちべた
口中,こうちゅう
口先,くちさき
口先手出,くち（より）さき（に）て（が）で（る）
口入,くにゅう／こうじゅ／くちい（れ）
口八田,くちはった【地】
口出,くちだ（し）
口口,くちぐち
口名田,くちなた【地】
口四,くし
口女,くちめ
口子,くちこ
口小森,ぐちこもり【地】
口小森町,ぐちこもりちょう【地】
口山田,くちやまだ【地】
口早,くちばや
口木,くちき
口村,くちむら【地】
口気,こうき
口火,くちび
口火切,くちび（を）き（る）
口田中,くちたなか【地】
口目,くちめ＝口と目
口立,くちた（て）
口立川,くちたづかわ【地】
口耳,こうじ
口耳学,こうじ（の）がく
口花,くちばな
口車,くちぐるま
口金,くちがね
口音,こうおん
右上,みぎうえ
右下,みぎした
右出,みぎ（に）で（る）
右四,みぎよ（つ）
右山,みぎやま【人】／うやま【人】
右川,うがわ【人】
右左,みぎひだり
右手,みぎて／ゆうしゅ
右手左手,みぎてひだりて
右文,ゆうぶん
右田,みぎた【人】／うだ【人】
右目,みぎめ
右目左目,みぎめひだりめ
右耳,みぎみみ
右耳左耳,みぎみみひだりみみ
右足,みぎあし
右足左足,みぎあしひだりあし
名人,めいじん
名人上手,めいじんじょうず
名入,ない（れ）
名大,めいだい【略】明治大学
名女,めいじょ
名女石,なめし【地】
名字,みょうじ
名山,めいざん
名手,めいしゅ
名文,めいぶん
名月,めいげつ
名木,めいぼく
名本,みょうもと
名村,なむら【人】
名正,な（を）ただ（す）
名水,めいすい
名犬,めいけん
名玉,めいぎょく
名王,めいおう
名目,めいもく
名石,めいせき
名花,めいか
名車,めいしゃ
四一,しいちが＝4
四一六,しいちろく【歴】1928年四・一六事件
四七,ししち＝28
四三,しそう／しさん＝12
四九,しく＝36
四二,し（の）に／しにが＝8
四五,しご＝20
四人,よにん
四人目,よにんめ
四八,しはち／しは＝32
四六,しろく＝24
四円,よえん
四十,よんじゅう40／しじゅう40／よそ
四十七,しじゅうしち47
四十九,しじゅうく【人】／よそく【人】
四十九日,しじゅうくにち
四十二,よんじゅうに42／しじゅうに42
四十二二子,しじゅうに（の）ふた（つ）ご
四十八,しじゅうはち48
四十八手,しじゅうはって
四十四,しじゅうし44
四十字,よんじゅうじ
四十川,あいかわ【人】
四十年,よんじゅうねん
四十年目,よんじゅうねんめ
四十文字,よんじゅうもじ
四千,よんせん4000
四名,よんめい
四四,しし＝16
四大,よんだい【略】4年制大学／しだい＝地水火風の4要素
四大人,したいじん
四大天王,しだいてんのう
四大空,しだいくう
四天,しおう
四天下,してんげ
四天王,してんのう
四女子,しにょし【地】
四女子町,しにょしちょう【地】
四子,よ（つ）ご
四字,よじ
四川,しせん
四年,よねん
四年生,よねんせい
四年目,よねんめ
四手,よんて／よ（つ）で／しで【植】
四手車,してぐるま
四文,しもん
四日,よっか
四日目,よっかめ
四月,しがつ
四月一日,わたぬき【人】
四木,しぼく／しもく／よ（つ）ぎ【地】
四本,よんほん／しほん
四本木,よんほんぎ【地】
四本目,よんほんめ
四本足,よんほんあし
四村,よむら【地】
四林,よつばやし【人】
四気,しき
四生,ししょう
四田,よつだ【人】／しだ【人】
四町,しちょう【地】
四白,よ（つ）じろ
四百,よんひゃく
四目,よんもく
四目十目,よめとおめ
四立,よつだて
四竹,よ（つ）だけ
四足,しそく
土中,つちなか
土人,どじん
土出,つちだし
土山,つちやま
土川,つちかわ【人】
土左,どざ
土手,どて＝堤防
土手川,どてがわ【人】
土日,どにち【略】土曜日日曜日
土木,どぼく
土村,つちむら【人】
土林,つちばやし【人】／どばやし【人】
土気,どき
土田,つちだ
土目,つちめ＝土の質
土石,どせき
土足,どそく
土車,つちぐるま
土音,どおん
夕山,ゆうやま＝夕方の山
夕日,ゆうひ／せきじつ
夕月,ゆうづき
夕玉草,ゆうたまぐさ＝竹（の葉の露）
夕空,ゆうぞら
夕立,ゆうだ（ち）
大上,おおがみ【人】／おおかみ【人】
大下,おおした
大中小,だいちゅうしょう
大中小中,おおなかこなか【碁】
大中白,おおなかじろ＝わしの矢羽根
大二,だいに【人】
大人,おとな
大人大耳,だいじん（は）おおみみ
大休み,おおやす（み）
大休山,おおやすみやま【地】
大先,おおさき【人】
大入,おおいり【地】
大八木,おおやぎ【人】
大円,だいえん
大円山,だいえんざん
大口,おおぐち【地】
大口町,おおぐちちょう【地】
大名,だいみょう
大名下,だいみょうお（ろし）
大名気,だいみょうぎ
大土森,おおどもり【地】
大天,だいてん
大女,おおおんな
大子,だいご【地】／おおいこ＝長女
大子町,だいごまち【地】
大子町川山,だいごまちかわやま【地】
大字,おおあざ
大学,だいがく
大学一年,だいがくいちねん
大学一年生,だいがくいちねんせい
大学三年,だいがくさんねん
大学三年生,だいがくさんねんせい
大学二年,だいがくにねん
大学二年生,だいがくにねんせい
大学四年,だいがくよねん
大学四年生,だいがくよねんせい
大学校,だいがっこう
大学生,だいがくせい
大小,だいしょう
大山,おおやま【人】／だいせん【地】
大山木,たいさんぼく【植】
大山火山,だいせんかざん
大山町,おおやまちょう／だいせんちょう【地】
大川,おおかわ【人／地】
大川口,おおかわぐち
大川村,おおかわむら【地】
大左,おおさ【刀】
大左文字,おおさもんじ【刀】
大年,おおとし
大手,おおて／おおで
大手町,おおてまち【地】
大文字,おおもじ
大文字山,だいもんじやま
大文字火,だいもんじ（の）ひ
大文字町,だいもんじちょう【地】
大文字草,だいもんじそう【植物】
大日,だいにち【地】
大日町,だいにちまち【地】／だいにちちょう【地】
大月,おおつき【地】
大月小月,たいげつしょうげつ＝大月と小月から成る一年
大月町,おおつきちょう【地】
大木,たいぼく／おおき【地】
大木町,おおきまち【地】
大本,おおもと
大本田,うーんだ【地】
大村,おおむら【地】
大林,おおばやし【人】
大森,おおもり【人／地】
大森中,おおもりなか【地】
大森本町,おおもりほんちょう【地】
大正,たいしょう
大正上,たいしょうかみ【地】
大正下,たいしょうしも【地】
大正中,たいしょうなか【地】
大正山,たいしょうやま【地】
大正川,たいしょうがわ【地】
大正木,おおまさき【地】
大正本町,たいしょうほんちょう【地】
大正火口,たいしょうかこう【地】
大正町,たいしょうちょう【地】／たいしょうまち【地】
大気,たいき
大気中,たいきちゅう
大水,おおみず
大水口,おおみづくち【地】
大火,たいか
大犬,おおいぬ
大犬山,おおいぬやま【地】
大玉,おおだま
大玉村,おおたまむら【地】
大王,だいおう／おおきみ
大田,おおた【人／地】
大男,おおおとこ
大男山,おとこやま【山】
大町,おおまち【地】
大町町,おおまちちょう【地】
大白,たいはく
大白森,おおしろもり【地】
大百,だいびゃく
大百日,おおびゃくにち
大目,おおめ／おおもく【碁】
大目小目,おおめこめ
大目玉,おおめだま
大目見,おおめ（に）み（る）
大石,おおいし／たいせき【碁】
大石上,おおいしかみ【地】
大石八森,おおいしはちもり【地】
大石田,おおいしだ【地】
大石田町,おおいしだまち【地】
大空,おおぞら
大竹,おおたけ【人／地】
大糸,おおいと
大耳,おおみみ
大花,おおはな【人】
大花火,おおはなび【パチスロ】
大見,おおみ【人】
大見出,おおみだ（し）
大貝,おおがい＝大きい貝
大金,たいきん
大雨,おおあめ／たいう
大音,だいおん
天一,てんいち【略】天下一品
天上,てんじょう
天上天下,てんじょうてんげ＝全世界
天下,てんか／あまくだ（り）
天下三目,てんかさんもく【碁】
天下森,てんがもり【地】
天人,てんにん／てんじん
天人草,てんにんそう【植】
天大,てんだい【略】天津大学／天理大学
天女,てんにょ
天女山,てんにょさん【山】
天子,てんし
天川,あま（の）がわ／てんかわ【地】
天川村,てんかわむら【地】
天文,てんもん
天文学,てんもんがく
天日,てんぴ／てんじつ
天林,あまばやし【人】／たかばやし【人】
天気,てんき
天気雨,てんきあめ
天火,てんか／てんぴ
天火日,てんかにち
天王,てんのう
天王山,てんのうさん
天王立,てんのうだ（ち）
天白,てんぱく【地】
天目,てんもく＝天目茶碗
天空,てんくう
天足,あまた（らす）
女一生,おんな（の）いっしょう
女中,じょちゅう
女人,じょじん／にょにん
女出入,おんなでい（り）
女力,おんなりょく
女名月,おんなめいげつ＝十三夜
女子,じょし
女子力,じょしりょく
女子大,じょしだい
女子大学,じょしだいがく
女子学生,じょしがくせい
女子校,じょしこう
女子町,にょしちょう【地】
女子畑,おなごばた【地】
女子竹,おなごだけ【植】
女学,じょがく
女学校,じょがっこう
女学生,じょがくせい
女山,おんなやま【地／山】／めやま【地／山】／めんやま【山】
女川,おんながわ【川／地】／おながわ【地】
女川町,おながわちょう【地】
女手,おんなで
女文字,おんなもじ
女林,おなばやし【地】
女森,おなもり【地】
女正月,おんなしょうがつ
女気,おんなぎ／おんな（っ）け
女水,おんなみず＝軟水
女火山,めんびやま【山】
女王,じょおう
女生,じょせい
女男,めおとこ
女男川,なめがわ【川】
女男石,めおといし【地】
女目,おんな（の）め／おなめ
女石,おんないし【地】／めいし【地】	
女竹,めだけ【植】
女花,おんなばな＝菊の花
女貝,めがい
子女,しじょ
子年,ねどし
子早,こばや（い）
子犬,こいぬ
子男,しだん＝男子
子見出,こみだ（し）
子音,しいん
字林,じりん
字足,じた（らず）
字音,じおん
学人,がくにん
学出,まねびいだす
学力,がくりょく／がくりき
学名,がくめい
学大,がくだい【略】学芸大学
学年,がくねん
学林,がくりん
学校,がっこう
学校出,がっこうで
学校名,がっこうめい
学生,がくせい／がくしょう
学田,がくでん
小一,しょういち【略】小学一年生
小三,しょうさん【略】小学三年生
小上,こあが（り）
小下,こした【人】／こしも【人】
小中,しょうちゅう
小中学校,しょうちゅうがっこう
小中学生,しょうがくせい
小二,しょうに【略】小学二年生
小五,しょうご【略】小学五年生
小人,こびと／しょうにん
小休,しょうきゅう／こやす（み）
小六,ころく／しょうろく【略】小学六年生
小六月,ころくがつ
小円,しょうえん
小力,こぢから
小口,こぐち
小名,こな／しょうみょう
小四,しょうよん【略】小学四年生
小女,こおんな
小女子,こうなご
小字,こあざ
小学,しょうがく
小学一年,しょうがくいちねん
小学一年生,しょうがくいちねんせい
小学三年,しょうがくさんねん
小学三年生,しょうがくさんねんせい
小学二年,しょうがくにねん
小学二年生,しょうがくにねんせい
小学五年,しょうがくごねん
小学五年生,しょうがくごねんせい
小学六年,しょうがくろくねん
小学六年生,しょうがくろくねんせい
小学四年,しょうがくよねん
小学四年生,しょうがくよねんせい
小学校,しょうがっこう
小学生,しょうがくせい
小山,こやま／おやま【人／地】
小山田,おやまだ【人】／こやまだ【人】
小山町,おやまちょう／おやままち【地】
小川,おがわ【人／地】
小川村,おがわむら【地】
小川町,おがわまち／おがわちょう【地】
小手,こて
小手先,こてさき
小文字,こもじ
小早,こばや
小早川,こばやかわ【人】
小月,しょう（の）つき
小本,こほん／しょうほん
小村,こむら
小林,こばやし【人／地】
小森,こもり【地】
小正月,こしょうがつ
小気,しょう
小水,しょうすい
小水虫,こみずむし
小火,しょうか
小犬,こいぬ
小玉,こだま
小玉川,こたまがい
小生,しょうせい
小田,おだ【人／地】
小田川,おだがわ【川／人】
小男,こおとこ
小町,こまち
小町玉川,おまちぎょくせん
小町糸,こまちいと
小町草,こまちそう
小白森,おじろもり【地】
小目,こめ／こもく【碁】
小石,こいし
小石川,こいしかわ【地】
小立,こだち【地】
小竹,しょうちく／こたけ【地】
小竹町,こたけまち／こたけちょう【地】
小糸,こいと
小耳,こみみ
小花,こばな／しょうか
小草,おぐさ
小見,しょうけん／こみ【人】／おみ【人】
小見出,こみだ（し）
小見山,こみやま【人】／おみやま【人】
小貝,こがい＝小さい貝
小貝川,こかいがわ
小足,こあし＝小さな足
小車,おぐるま【植】
小金,こがね
小雨,こさめ／こあめ／しょうう
小音,しょうおん
山一,やまいち【ひと】
山上,さんじょう
山下,やました【人】
山中,さんちゅう／やまなか
山口,やまぐち【人／地】
山口大,やまぐちだい【略】山口大学
山口大学,やまぐちだいがく
山土,さんど／やまつち
山大,やまだい【略】山形大学／山口大学
山天,やまてん【地】
山女,あけび【地／植】／やまめ【魚】
山山,やまやま
山川,やまかわ
山川草木,さんせんそうもく＝あらゆる自然
山手,やまて
山日,やま（の）ひ＝8月11日
山本,やまもと【人／地】
山村,さんそん／やまむら【人】
山林,さんりん
山森,やまもり【人】
山水,さんすい
山火,さんか
山火口,やまぼくち【植】
山犬,やまいぬ
山王,さんのう【地】
山王下,さんのうした【地】
山王森,さんのうもり【地】
山田,やまだ【人／地】
山田中,やまだちゅう【略】山田中学校
山田中学校,やまだちゅうがっこう
山田中村,なかむら【地】
山田小,やまだしょう【略】山田小学校
山田小学校,やまだしょうがっこう
山田町,やまだまち／やまたまち【地】
山男,やまおとこ
山目,やまのめ【地】
山目小,やまのめしょう【略】山目小学校
山目小学校,やまのめしょうがっこう
山石,やまいし
山空,やまそら【地】
山花,やまばな
山見,やまみ
山車,だし
川上,かわかみ【人／地】
川上村,かわかみむら【地】
川上町,かわかみまち【地】
川下,かわしも／かわくだ（り）
川中,かわなか
川入,かわいり
川八目,かわや（つ）め
川口,かわぐち【人／地】
川口町,かわぐちまち【地】
川土,かわど【人】
川土手,かわどて＝堤防
川字,かわ（の）じ
川山,かわやま【人／地】
川本,かわもと【地】
川本町,かわもとまち【地】
川村,かわむら【人／地】
川林,かわばやし【人】
川森,かわもり【人】
川水,かわみず
川犬,かわいぬ【地】
川玉草,かわたまぐさ【植】
川田,かわだ【人】／かわた【人】
川町,かわまち【地】
川白,かわしろ【人】
川立,かわだ（ち）
川竹,かわたけ
川虫,かわむし
川音,かわおと／かわと
左上,ひだりうえ
左下,ひだりした
左右,さゆう
左右左,さゆうさ
左山,さやま【人】
左川,さがわ【人】
左手,ひだりて／さしゅ
左文字,ひだりもじ／さもんじ【刀】
左本,さもと【人】
左村,さむら【人】
左目,ひだりめ
左竹,さたけ【人】
左耳,ひだりみみ
左見右見,とみこうみ＝注意を払う
左足,ひだりあし
年上,としうえ
年下,としした
年中,ねんじゅう
年休,ねんきゅう
年女,としおんな
年子,としご
年年,ねんねん
年月,としつき／ねんげつ
年月日,ねんがっぴ
年玉,としだま
年男,としおとこ
年百年中,ねんびゃくねんじゅう＝一年中いつも
年見,としみ
年金,ねんきん
手下,てした／てか
手中,しゅちゅう
手先,てさき／たなさき
手入,てい（れ）
手入足入,て（が）はい（れば）あし（も）はい（る）
手出,て（を）だ（す）／てだ（し）
手力,たぢから
手口,てぐち
手子,てこ／てご
手手,て（に）て（に）
手早,てばや
手木,てぎ＝十手
手本,てほん
手水,ちょうず
手火,たひ
手玉,てだま
手生,てい（け）
手生花,てい（けの）はな
手田,てだ【人】
手目,てめ
手空,て（を）あ（ける）
手立,てだ（て）
手花火,てはなび
手草,たくさ
手足,てあし／しゅそく
手足出,て（も）あし（も）で（ない）
手足口,てあしくち
手車,てぐるま
文中,ぶんちゅう
文人,ぶんじん
文名,ぶんめい
文字,もじ
文学,ぶんがく
文月,ふづき／ふみづき
文木,もんぎ
文林,ぶんりん
文王,ぶんおう【王】
文目,あやめ【植】
文花,ぶんか【地】
文見草,ふみぐさ【植】
文車,ふぐるま
文金,ぶんきん
日下,くさか【人】
日中,にっちゅう
日光,にっこう
日入,ひい（り）
日出,ひ（の）で／ひじ【地】
日出町,ひ（の）でまち／ひ（の）でちょう／ひじまち【地】
日土,ひづち【地】／にちと＝日本とトルコ
日土町,ひづちちょう【地】
日夕,げっせき
日大,にちだい【略】日本大学
日天,にってん【十二天】
日天子,にってんし【二天】
日学,にちがく【社／略】日本学園
日山,ひやま【山／人】
日日,ひにち
日日花,にちにちか【植】
日日草,にちにちそう【植】
日月,にちげつ
日月火,にちげつか
日月火水,にちげつかすい
日月火水木,にちげつかすいもく
日月火水木金,にちげつかすいもくきん
日月火水木金土,にちげつかすいもくきんど
日木,ひき【人】／にっき【人】
日本,にほん
日本一,にほんいち
日本中,にほんじゅう
日本人,にほんじん
日本人学校,にほんじんがっこう
日本人町,にほんじんまち
日本大,にほんだい【略】日本大学
日本大学,にほんだいがく
日本女子大学,にほんじょしだいがく
日本学生,にほんがくせい
日本犬,にほんけん
日本百名山,にほんひゃっくめいざん
日本赤十字,にほんせきじゅうじ
日森,ひもり【人】
日水,にっすい【略】日本水産
日田,ひた【地】
日目,ひ（の）め
日目見,ひ（の）め（を）み（る）
日立,ひたち【地】
日赤,にっせき【略】日本赤十字社
日車,ひぐるま【植】ひまわり
日金,にっきん／ひがね
日金山,ひがねさん【山】
早上,さのぼ（り）
早下,はやした【人】
早出,はやで／そうしゅつ
早口,はやくち
早大,そうだい【略】早稲田大学
早天,そうてん
早川,はやかわ【人／地】
早川町,はやかわちょう【地】
早年,そうねん
早手,はやて＝疾風（しっぷう）
早日,はやひ【人】
早早,そうそう／はやばや
早月,さつき
早生,わせ／そうせい
早田,はやた【人】／そうだ【人】
早立,はやだ（ち）
早糸,はいと
早耳,はやみみ
早見,はやみ
早足,はやあし
早車,はやぐる
月一,つきいち
月下,げっか
月中,つきなか
月人,つきひと
月人男,つきひとおとこ
月入,つき（の）いり
月出,つき（の）で／つき（が）で（る）
月夕,げっせき
月天,がってん【十二天】
月天子,がってんし【二天】
月山,がっさん
月山森,がっさんもり【地】
月日,つきひ
月月,つきづき
月本,つきもと【人】
月村,つきむら【人】
月林,つき（の）はやし
月森,つきもり【人】
月水,がっすい／げっすい
月水金,げっすいきん
月火水,げつかすい
月火水木,げつかすいもく
月火水木金,げつかすいもくきん
月火水木金土,げつかすいもくきんど
月火水木金土日,げつかすいもくきんどにち
月田,つきた【人】
月白,つきじろ
月目,つきめ
月石,つき（の）いし
月立,つきたち／つきた（て）
月花,つきはな
月草,つきくさ
月見,つきみ
月見月,つきみづき
月見草,つきみそう【植】／つきみぐさ【植】
月貝,つきがい
月足,つきあし
木下,きのした【人】
木六月,きろくがつ
木口,こぐち
木川,きかわ【人】／きがわ【人】
木月,きづき【地】
木月大町,きづきおおまち【地】
木木,きぎ
木本,もくほん
木村,きむら【人】
木林,きばやし【人】
木火土金水,もっかどこんすい＝五元素
木生,もくせい
木田,きだ【人】
木町,きまち【地】
木目,もくめ
木目金,もくめがね
木石,ぼくせき
木立,こだち
木耳,きくらげ【植】
木花,きばな
木見森見,き（を）み（て）もり（を）み（ず）
木車,ぼくしゃ＝白木の車
本中,ほんちゅう
本人,ほんにん
本入,ほんかまり／ほんり（れ）
本名,ほんみょう
本土,ほんど
本地,ほんじ
本夕,ほんせき＝今日の夕方
本字,ほんじ
本学,ほんがく
本山,ほんざん／もとやま【人／地】
本山町,もとやまちょう【地】
本川,もとかわ
本年,ほんねん
本手,ほんて
本文,ほんぶん
本日,ほんじつ
本日中,ほんじつちゅう
本月,ほんげつ
本木,もとき【人／地】
本村,もとむら【人／地】／ほんそん【地】／ほんむら【地】
本村町,ほんむらちょう【地】
本校,ほんこう
本正月,ほんしょうがつ
本気,ほんき
本水,ほんみず
本田,ほんだ【人】
本町,ほんちょう／ほんまち【地】
本町田,ほんまちだ【地】
本白,もとじろ
本目,ほんめ【碁】
本石,ほんこく／ほんごく【地】
本石町,ほんごくちょう【地】
本立,ほんたて
本花,ほんばな
本草,ほんぞう
本車,ほんしゃ
本車田,もとくるまだ【人】
本金,ほんきん
本雨,ほんあめ
本音,ほんね
村上,むらかみ【人／地】
村人,むらびと
村人足,むらにんそく
村入,むらいり
村口,むらぐち【人】／むらくち【人】
村名,そんめい
村女,そんじょ
村山,むらやま【人／地】
村手,むらて【人】
村木,むらき【人】
村本,むらもと【人】
村村,むらむら
村林,むらばやし【人】
村正,むらまさ
村田,むらた【人／地】
村田町,むらたまち【地】
村立,そんりつ
村雨,むらさめ
林中,りんちゅう
林大,りんだい【略】林業大学
林学,りんがく
林木,りんぼく
林本,はやしもと【人】
林森,りんしん／りんせん
林田,はやしだ【人】
林立,りんりつ
林竹,はやしたけ【人】／はやしだけ【人】
校休日,こうきゅうび
校名,こうめい
校外,こうがい
校木,あぜき
校本,こうほん
校正,こうせい
校生,こうせい
校田,こうでん
森下,もりした【人／地】
森下町,もりしたちょう【地】
森口,もりぐち【人】
森天,もりてん【人】
森山,もりやま【人】
森川,もりかわ【人】
森月,もりつき【人】
森本,もりもと【人】
森村,もりむら【地】
森林,しんりん
森森,しんしん
森正,もりまさ【人】
森水,もりみず【人】
森田,もりた【人】
森町,もりまち【地】
森石,もりいし【人】
森立,しんりつ
森竹,もりたけ【人】
森虫,もり（の）むし
正中,しょうなか【地】
正中,せいちゅう
正五九,しょうごく
正五九月,しょうごくがつ
正先,しょうさき
正円,せいえん
正出,せいしゅつ
正名,せいめい
正大,せいだい
正女,せいじょ
正子,しょうし
正字,せいじ
正字金,しょうじきん／せいじきん
正学,せいがく＝正しい学問
正文,せいぶん／しょうもん
正日,しょうにち
正月,しょうがつ
正木,まさき【植】
正本,しょうほん／せいほん
正気,しょうき／せいき
正目,まさめ
正立,せいりつ
正糸,せいし
正金,しょうきん
正音,せいおん
気休,きやす（め）
気先,きさき
気力,きりょく
水上,すいじょう／みずかみ【地】
水上下,みずかみしも
水上村,みずかみむら【地】
水下,みなしも
水中,すいちゅう
水中花,すいちゅうか
水先,みずさき
水先人,みずさきにん
水入,みずい（り）／すい（り）
水出,みずだ（し）
水力,すいりょく
水力学,すいりきがく
水口,みずぐち
水口花,みなくちばな
水大,すいだい
水天,すいてん【十二天】
水子,みずこ
水字,すいじ
水字貝,すいじがい
水手,かこ
水文学,すいもんがく
水月,すいげつ
水木,みずき【植】
水村,すいそん
水気,みずけ
水水,みずみず（しい）
水火,すいか
水玉,みずたま
水玉草,みずたまそう【植】
水生,すいせい
水田,すいでん【植】
水町,みずまち
水目,みずめ【植】
水石,すいせき
水糸,みずいと
水花,みずのはな
水草,みずくさ／みくさ／すいそう
水虫,みずむし
水貝,みずかい
水足,みずあし／みずたり【人】
水車,すいしゃ
水金,すいきん／みずきん
水音,みずおと
火中,かちゅう
火先,ひさき／ほさき
火入虫,ひ（に）い（る）むし
火出,ひ（が）で（る）
火力,かりょく
火口,かこう
火口金,ほくちがね
火天,かてん【十二天】
火山,かざん
火手,かしゅ
火月,かげつ
火木土,かもくど
火気,かき
火水,ひみず
火水木,かすいもく
火玉,ひだま
火生,かしょう
火田,かでん
火花,ひばな
火足,ひあし＝火が燃え広がる速さ
火車,かしゃ
火金,かきん
犬上,いぬかみ【地】／いぬがみ【人】
犬上川,いぬかみかわ【川】
犬上王,いぬがみおう
犬人,いぬひと
犬口,いぬくち【地】
犬四手,いぬしで【植】
犬子,えのこ／えのころ／いぬ（の）こ
犬子山,いぬこやま【地】
犬山,いぬやま【人／地】
犬山町,いぬやまちょう【地】
犬川,いぬかわ【人／地／川】
犬木,いぬき【地】
犬村,いぬむら【人】
犬林,いぬばやし【地】
犬森,いぬもり【略】つくば犬たちの森
犬田,いぬた【人／地】／いんだ【地】
犬目,いぬめ【地】
犬目町,いぬめちょう【地】
犬石,いぬいし【地】
犬立,いぬたて【地】
犬竹,いぬたけ【地】
犬耳,いぬみみ＝犬の耳
犬見,いぬみ【地】
犬見川,いぬみがわ【川】
玉人,ぎょくじん
玉入,たまい（れ）
玉名,たまな
玉女,ぎょくじょ
玉子,たまご
玉山,ぎょくざん
玉川,たまかわ／たまがわ【地】
玉川,たまがわ【地】
玉川上水,たまがわじょうすい
玉川大,たまがわだい【略】玉川大学
玉川大学,たまがわだいがく
玉川村,たまかわむら【地】
玉川町,たまがわちょう【地】
玉川町中村,たまがわちょうなかむら【地】
玉手,たまて／ぎょくしゅ
玉木,たまき【人】
玉村,たまむら【地】
玉村町,たまむらまち【地】
玉水,たまみず
玉水木,たまみずき
玉火,たまび
玉田,たまだ【人／地】
玉目,たまめ
玉石,たまいし／ぎょくせき
玉糸,たまいと
玉虫,たまむし
玉貝,たまがい
玉音,ぎょくいん
王土,おうど
王女,おうじょ
王子,おうじ
王子本町,おうじほんちょう【地】
王学,おうがく
王手,おうて
王本,おうもと【人】
王林,おうりん
王気,おうき
王水,おうすい
王目,おう（の）め
王目王耳,おう（の）めおう（の）みみ
王耳,おう（の）みみ
王音,おうおん
生一本,きいっぽん
生下,は（え）さが（り）
生中,なまなか＝中途半端
生先,お（い）さき
生出,しょうしゅつ＝生まれ出る
生名,いきな【地】
生名村,いきなむら【地】
生土,うぶすな
生大,なまだい【略】生ビール大ジョッキ
生小,なましょう【略】生ビール小ジョッキ
生年,せいねん／しょうねん
生年月,せいねんげつ
生年月日,せいねんがっぴ
生日,せいじつ
生日足日,いくひのたるひ＝祭りの日
生月,せいげつ
生木,なまき
生気,せいき
生水,なまみず／きみず
生生,せいせい／い（き）い（き）
生田,いくた【地】
生田中,いくたちゅう【略】生田中学校
生田中学校,いくたちゅうがっこう
生田小,いくたしょう【略】生田小学校
生田小学校,いくたしょうがっこう
生田川,いくたがわ【川】
生田目,なばため【人】／なまため【人】
生白,なまじろ（い）／きじろ
生目,いくめ【地】
生石,いきいし【碁】／おいし【地】／いくし【地】
生空,い（きた）そら（がない）
生立,おいた（ち）
生竹,なまだけ
生糸,きいと
生花,しょうか／せいか／なまばな
生見,いくみ【地】／いきみ【地】
生貝,なまがい
生足,なまあし
生金,いきがね
田上,たがみ【地】
田上町,たがみまち【地】
田中,たなか【人】
田中町,たなかちょう【地】
田口,たぐち【人】
田名,たな【地】
田子,たっこ【地】
田子町,たっこちょう【地】
田川,たがわ【人／地】
田木,たぎ【人／地】／たき【人】
田本,たもと【人／地】
田村,たむら【人／地】
田村草,たむらそう【植】
田林,たばやし
田水,たみず
田玉,ただま【人】
田町,たまち【地】
田石,たいし【人】
田草,たぐさ【植】
田草月,たぐさづき
田虫,たむし
男出入,おとこでい（り）
男力,おとこりょく
男名,おとこな
男女,だんじょ
男女川,なめがわ【川】,みなのがわ【川】
男子,だんし／なんし
男子力,だんしりょく
男子学生,だんしがくせい
男子校,だんしこう
男山,おとこやま【山】／おんやま【山】
男川,おとこがわ【川】／おとがわ【川／地】
男手,おとこで
男文字,おとこもじ
男早,おとこひで（り）
男気,おとこぎ
男水,おとこみず＝硬水
男火山,おんびやま【山】
男生,だんせい
男生山,おはいざん【地】
男目,おとこ（の）め
男石,おとこいし【地】／おいし【地】
男竹,おだけ【植】
男花,おとこばな【酒】
男貝,おがい
男車,おとこぐるま
町中,まちじゅう／まちなか
町人,まちにん／ちょうにん
町名,ちょうめい
町名森,ちょうなもり【地】
町女,まちめ
町川,まちかわ【人】
町村,ちょうそん／まちむら【地】
町田,まちだ【地】
町立,ちょうりつ
町見,ちょうけん
白下,しろした
白人,はくじん
白先,しろせん【碁】
白八入,しろやしろ【植】
白土,はくど
白女,しらめ【地】
白子,しらこ
白子森,しらこもり【地】
白子町,しらこまち【地】
白字,はくじ
白山,はくさん【地】
白山一花,はくさんいちげ【植】
白山木,はくさんぼく【植】
白山火山,はくさんかざん
白川,しらかわ【地】
白川村,しらかわむら【地】
白川町,しらかわちょう【地】
白川石,しらかわいし
白文,はくぶん
白日,はくじつ
白日青天,はくじつせいてん＝よく晴れた青空
白月,はくげつ／びゃくげつ
白木,しらき＝削っただけの木材
白木耳,しろきくらげ【植】
白本,しろほん／しらもと
白村,はくむら【人】
白林,しらばやし【人】
白森,しらもり【地】
白水,しろみず
白玉,しらたま
白玉木,しらたま（の）き【植】
白田,はくでん／しろた【人】
白男,しらお【地】
白男上,しらおかみ【地】
白男川,しらおがわ【地】
白白,しらしら／しらじら／しろじろ
白目,しろめ
白目見,しろ（い）め（で）み（る）
白石,しろいし【地】／しらいし【地】
白石町,しろいしちょう【地】
白竹,しろたけ
白糸,しらいと
白糸草,しらいとそう【植】
白花,しろばな
白虫,しらむし
白金,はっきん／しろかね【地】／しろがね【地】
白金山,しろかねやま【山】
白金川,しろがねがわ【川】
白金町,しろがねちょう【地】
白雨,はくう
百一,ひゃくいち
百一文,ひゃくいちもん
百七,ひゃくなな107
百七十,ひゃくななじゅう170
百三,ひゃくさん103
百三十,ひゃくさんじゅう130
百中,ひゃっくちゅう
百九,ひゃくきゅう109
百九十,ひゃくきゅうじゅう190
百二,ひゃくに102
百二十,ひゃくにじゅう120
百五,ひゃくご105
百五十,ひゃくごじゅう150
百人,ひゃくにん
百人力,ひゃくにんりき
百人町,ひゃくにんちょう【地】
百人目,ひゃくにんめ
百八,ひゃくはち108
百八十,ひゃくはちじゅう180
百六,ひゃくろく106
百六十,ひゃくろくじゅう160
百六十五,ひゃくろくじゅうご165
百円,ひゃくえん
百円玉,ひゃくえんだま
百出,ひゃくしゅつ
百十,ひゃくじゅう110
百千,ひゃくせん／ももち【人】
百名山,ひゃっくめいざん
百四,ひゃくよん104
百四十,ひゃくよんじゅう140
百子,ひゃくし
百小竹,ももしの
百山,ひゃくざん
百川,ひゃくせん
百年,ひゃくねん
百年目,ひゃくねんめ
百手,ももて
百文,ひゃっくもん
百日,ひゃくにち／ももか
百日天下,ひゃくにちてんか
百日草,ひゃくにちそう【植】
百木田,からきた【人】
百本,ひゃっぽん
百本足,ひゃっぽんあし
百村,もむら【地】
百王,ひゃくおう
百生,ももせ【人】
百目,ひゃくめ【妖怪】
百目木,どうめき【人】
百花,ひゃっか
百草,ひゃくそう／ももくさ
百見,ひゃっけん
百足,むかで【虫／人】
百足虫,ひゃくそく（の）むし
百金,ひゃっきん
目上,めうえ
目下,めした
目先,めさき
目出,め（が）で（る）
目力,めぢから
目口,めくち
目口立,めくちをた（てる）
目土,めつちめ＝芝生の上の土
目子,め（の）こ
目川,めがわ【地】
目手出,め（から）て（が）で（る）
目早,めばや（い）
目木,めぎ【植】
目火出,め（から）ひ（が）で（る）
目玉,めだま
目白,めじろ【地】
目立,めだ（つ）／めたて
目草,めぐさ【植】ハッカ
目見,まみ
目見見,め（に）み（す）み（す）
目足,めたり／もくそく
石上,いし（の）うえ【碁】
石上三年,いし（の）うえ（にも）さんねん
石下,いし（の）した【碁】
石人,せきじん
石人,せきじん
石土,いしづち【人】／いしど【人】
石大,いしだい【人】
石女,うまずめ
石子,いしこ／いしなご
石山,いしやま【人】
石川,いしかわ【人／地】
石川町,いしかわまち／いしかわちょう【地】
石手,いして【地】
石文,いしぶみ／せきぶん
石早,いしはや【人】
石木,いわき
石本,いしもと／せきほん
石村,いしむら【人】
石林,いしばやし【地】
石森,いしもり【人／地】
石水,いしみず
石火,せっか
石生,いそう【地】
石生村,いそうむら【地】
石田,いしだ【人／地】
石町,こくちょう【地】
石目,いしめ
石空川,いしうとろがわ【地】
石立,いしだて【人／地／碁】
石竹,せきちく【植】
石花,せきか／せい
石花火,いしはなび
石草,いしぐさ【植】
石見,いわみ【地】
石見川,いわみかわ【植】
石車,いしぐるま
石雨,いし（の）あめ
空下手,からへた
空中,くうちゅう
空先,そらさき【人】
空力,くうりき
空力音,くうりきおん
空名,くうめい
空大,くうだい
空山,くうざん／くうやま
空川,そらかわ【人／地】
空手,からて
空手水,からちょうず
空文,くうぶん
空月,くうげつ【僧】
空木,うつぎ【植】
空気,くうき
空気力学,くうきりきがく
空田,そらた／そらだ【人】
空町,そらまち
空白,くうはく
空目,からめ
空空,くうくう
空耳,そらみみ
空見,くうけん
空見出,からみだ（し）
空貝,うつせがい
空足,からあし
空車,くうしゃ／からぐるま／むなぐるま
空音,そらね
立上,た（ち）あ（がり）
立入,たちいり
立出,たちいでる
立名,りつめい＝名声をあげる
立山,たてやま【地】
立山町,たてやままち【地】
立川,たちかわ【地】
立目,たちめ／たつめ
立石,たていし【地】
立花,たちばな【地】
立花町,たちばなまち【地】
立見,たち（み）
立金花,りゅうきんか【植】
竹下,たけした
竹中,たけなか
竹八月,たけはちがつ
竹八月木六月,たけはちがつ（に）きろくがつ
竹子,たけ（の）こ
竹山,たけやま【人】
竹川,たけかわ【人】
竹村,たけむら【人】
竹林,ちくりん／たけばやし【人】
竹森,たけもり【地】
竹玉,たかだま
竹田,ちくでん／たけた【人／地】
竹田川,たけだがわ
竹石,たけいし【人】
竹花,たけはな【人】
竹草,ちひろぐさ【植】竹の総称
竹見,たけみ【人】
竹貝,たけがい【人】
糸先,いとさき
糸入,いとい（り）
糸口,いとぐち
糸山,いとやま【人】
糸川,いとかわ
糸木,いとき【人】
糸林,いとばやし【人】
糸玉,いとだま
糸田,いとだ【地】
糸田町,いとだまち【地】
糸目,いとめ
糸立,いとた（て）
糸竹,いとたけ／しちく
糸花,いとばな
糸車,いとぐるま
糸雨,しう
耳入,みみ（に）いれる
耳学,みみがく
耳早,みみばや（い）
耳正月,みみ（の）しょうがつ
耳玉,みみだま
耳目,じもく／じぼく
耳石,じせき／みみいし
耳立,みみだ（つ）
耳糸,みみいと
耳貝,みみがい
耳赤,みみあか【碁】
耳赤一手,みみあか（の）いって【碁】
耳金,みみがね
花出,はなで
花口,はなぐち【地】
花字,かじ
花山,はなやま
花手,はなて【人】
花手水,はなちょうず
花月,かげつ【植】
花木,かぼく／はな（の）き【植】
花村,はなむら【人】
花水,はなみず
花水木,はなみずき【植】
花火,はなび
花王,かおう／はな（の）おう
花生,はないけ＝花をいける
花田,はなだ【人】
花町,はなまち
花空木,はなうつぎ【植】
花立,はなだて【地】
花糸,かし
花草,はなくさ
花虫,かちゅう／はなむし
花見,はなみ
花見川,はなみがわ【地】
花見月,はなみづき
花貝,はながい
花足,けそく
花車,きゃしゃ／かしゃ／はなぐるま【植】ガーベラ
花金,はなきん【略】花の金曜日
花雨,かう＝花が雨のように散る
花音,かいん＝花だより
草入,くさい（り）
草木,くさき
草本,そうほん
草村,くさむら【人】
草王,くさ（の）おう【植】
草田,くさだ
草竹,そうちく【植】
草花,くさばな／そうか
草草,くさぐさ
草虫,そうちゅう
草足水足,くさたりみずたる
虫下,むしくだ（し）
虫入,むしい（り）
虫出,むしだ（し）
虫気,むしけ
虫音,むし（の）ね
見一,けんいち
見上,みあ（げる）
見下,みくだ（す）
見人,みるひと
見入,みり（れ）
見出,みだ（し）
見学,けんがく
見山,みやま【人】
見手,みて
見早,みばや（い）
見月,みつき【人】／みづき【人】
見本,みほん
見玉,み（せ）だま
見目,み（た）め
見立,みた（て）
見竹,みたけ【人】
見草,みぐさ【地】
見見,み（え）み（え）
見金,み（せ）がね
貝人,みるひと
貝口,かい（の）くち
貝名森,かいなもり【地】
貝子,ばいし
貝山,かいやま
貝田,かいた【人／地】
貝石,かいいし
貝虫,かいむし
赤十字,せきじゅうじ
赤口,しゃっこう／しゃっく
赤名,あかな【地】
赤四手,あかしで【植】
赤土,あかつち
赤子,あかご
赤子手,あかご（の）て
赤字,あかじ
赤山,あかやま【地】
赤川,あかがわ【人】
赤手,せきしゅ
赤日,せきじつ
赤木,あかぎ
赤本,あかほん＝数学社出版の大学の過去問
赤村,あかむら【地】
赤森,あかもり【人】
赤気,せっき
赤水,あかみず
赤水町,あこずちょう【地】
赤玉,あかだま
赤玉木,あかだま（の）き
赤田,あかだ【人／地】
赤田森,あかだもり【地】
赤男山,あかおとこやま【山】
赤白,あかしろ
赤目,あかめ／あかべ
赤石村,あかいしむら【地】
赤竹,せきちく
赤糸,あかいと
赤花,あかばな【植】
赤草,あかくさ【植】
赤虫,あかむし
赤貝,あかがい
赤赤,あかあか
赤金,あかきん
赤青,あかあお
足下,そっか
足休,あしやす（め）
足先,あしさき＝足の先
足入,あしい（れ）
足出,あし（が）で（る）＝赤字
足子,あしこ
足手,あして
足日,たるひ
足早,あしばや
足村,あしむら【人】
足水,たるみ【人】
足玉,あしだま
足田,あしだ【人／地】
足白,あしじろ
足目,あしめ
足立,あだち【地】
足糸,そくし
足金,あしがね
足音,あしおと
車上,しゃじょう
車中,しゃちゅう
車力,しゃりき
車名,しゃめい＝車の名
車火,くるまび
車田,くるまだ【人】
車町,くるままち【地】／くるまちょう【地】
車石,くるまいし
車花,くるまばな
車草,くるまそう【草】＝ほとけのざ／くるまぐさ【草】＝やえむぐら
車貝,くるまがい
金九,きんきゅう／きむぐ
金五,きんご【人】
金人,きんじん
金入,かねい（れ）
金円,きんえん
金力,きんりょく
金十,かねじゅう
金口,きんぐち／こんく
金土,こんど【人】
金土日,きんどにち
金大,きんだい【略】金沢大学
金子,かねこ【人】
金字,きんじ／こんじ
金山,きんざん／かなやま【地】／かねやま【地】
金山町,かなやまちょう【地】／かねやままち【地】
金文,きんぶん
金文字,きんもじ
金木,かなぎ【地】
金木町,かなぎちょう【地】
金村,かねむら【人】
金林,かなばやし【人】
金森,かなもり【地】
金気,かねけ／きんき
金玉,きんたま／きんぎょく
金生水,きんじょうすい
金田,かねだ【人】
金田森,かねだもり【地】／かなだもり【地】
金町,かなまち【地】
金目,かねめ／きんめ
金石,きんせき
金石学,きんせきがく
金石文,きんせきぶん
金石糸竹,きんせきしちく＝楽器の総称
金糸,きんし
金糸目,かね（に）いとめ
金耳,きんじ
金花,きんか
金花虫,はむし
金虫,きんちゅう【虫】黄金虫
金貝,かながい
金足,かなあし【地】
金足村,かなあしむら【地】
金金,きんきん
金青,こんじょう
雨上,あまあが（り）／あめあが（り）
雨下,うか
雨中,うちゅう
雨土,うど【人】
雨天,うてん
雨女,あめおんな
雨川,あめかわ【川】
雨月,うげつ
雨林,うりん
雨止,あまや（み）
雨気,あまけ／うき
雨水,あまみず／うすい
雨田森,あまだもり【地】
雨男,あめおとこ
雨石,あまいし
雨空,あまぞら
雨花,あめ（の）はな＝雨中の花
雨足,あまあし
雨車,あまぐるま
雨音,あまおと
青人草,あおひとぐさ
青大,あおだい【略】青森大学
青天,せいてん
青天白日,せいてんはくじつ＝疑いが晴れる
青天目,なばため【人】／なまため【人】
青女,せいじょ
青女子,あおなご【地】
青字,あおじ
青学,あおがく【略】青山学院大学
青山,あおやま【人／地】
青川,あおがわ【地】
青年,せいねん
青年学校,せいねんがっこう
青手,あおて【縞】
青手木,あおてき【人】
青文字,あおもじ【植】
青月,せいげつ
青木,あおき【植／人／地】
青木村,あおきむら【地】
青木町,あおきちょう【地】
青本,あおほん＝駿台予備学校出版の大学の過去問
青森,あおもり【地】
青森大,あおもりだい【略】青森大学
青森大学,あおもりだいがく
青火,あおび
青玉,せいぎょく
青田,あおた
青白,あおじろ／せいはく
青石,あおいし
青空,あおぞら
青竹,あおだけ
青糸,せいし
青花,あおばな
青草,あおくさ／せいそう
青虫,あおむし
青貝,あおがい
青赤,あおあか
青金,あおきん
青青,あおあお
音中,おんちゅう【略】国立音楽大学附属中学校
音入,おとい（れ）
音名,おんめい
音大,おんだい【略】音楽大学
音子,おんし
音字,おんじ
音川,おとかわ
音文,おんぶん【略】音楽文化
音木,おとき／おんぎ
音村,おとむら【人】
音森,おともり【人】
音田,おんだ【人】／おとだ【人】
音立,ね（に）た（つ）
音耳,おとみみ＝うわさ
音金,おとがね
